{"cameraMode":{"drawMode":0,"name":"Shaded","section":"Shading Mode"},"sceneLighting":true,"audioPlay":false,"sceneViewState":{"showFog":true,"showMaterialUpdate":false,"showSkybox":true,"showFlares":true,"showImageEffects":true,"showParticleSystems":true},"in2DMode":false,"pivot":{"x":336.9790344238281,"y":206.0355682373047,"z":59.57052230834961},"rotation":{"x":0.007189308293163776,"y":-0.017401644960045816,"z":-0.00012511276872828603,"w":-0.9998242259025574},"size":276.78082275390627,"orthographic":false}