{"cameraMode":{"drawMode":0,"name":"Shaded","section":"Shading Mode"},"sceneLighting":false,"audioPlay":false,"sceneViewState":{"showFog":true,"showMaterialUpdate":false,"showSkybox":false,"showFlares":true,"showImageEffects":true,"showParticleSystems":true},"in2DMode":false,"pivot":{"x":3.9000000953674318,"y":3.4000000953674318,"z":0.0},"rotation":{"x":-0.06026936322450638,"y":0.011076651513576508,"z":-0.0006688050925731659,"w":-0.9981216788291931},"size":2.329779863357544,"orthographic":false}